INSERT INTO `preferencetags`(`idpreferenceTags`, `preferenceName`) VALUES (1, 'lep');

INSERT INTO `preferencetags`(`idpreferenceTags`, `preferenceName`) VALUES (2, 'zgodan');

INSERT INTO `preferencetags`(`idpreferenceTags`, `preferenceName`) VALUES (3, 'visok');

INSERT INTO `preferencetags`(`idpreferenceTags`, `preferenceName`) VALUES (4, 'nizak');

INSERT INTO `preferencetags`(`idpreferenceTags`, `preferenceName`) VALUES (5, 'pametan');

INSERT INTO `preferencetags`(`idpreferenceTags`, `preferenceName`) VALUES (6, 'mrsav');

INSERT INTO `preferencetags`(`idpreferenceTags`, `preferenceName`) VALUES (7, 'punacak');

INSERT INTO `preferencetags`(`idpreferenceTags`, `preferenceName`) VALUES (8, 'razvijen');

INSERT INTO `preferencetags`(`idpreferenceTags`, `preferenceName`) VALUES (9, 'plav');

INSERT INTO `preferencetags`(`idpreferenceTags`, `preferenceName`) VALUES (10, 'crn');

INSERT INTO `preferencetags`(`idpreferenceTags`, `preferenceName`) VALUES (11, 'smedj');

INSERT INTO `preferencetags`(`idpreferenceTags`, `preferenceName`) VALUES (12, 'ridjokos');

INSERT INTO `preferencetags`(`idpreferenceTags`, `preferenceName`) VALUES (13, 'drustven');

INSERT INTO `preferencetags`(`idpreferenceTags`, `preferenceName`) VALUES (14, 'raspolozen');

INSERT INTO `preferencetags`(`idpreferenceTags`, `preferenceName`) VALUES (39, 'plave oci');

INSERT INTO `preferencetags`(`idpreferenceTags`, `preferenceName`) VALUES (40, 'zelene oci');

INSERT INTO `preferencetags`(`idpreferenceTags`, `preferenceName`) VALUES (41, 'crne oci');

INSERT INTO `preferencetags`(`idpreferenceTags`, `preferenceName`) VALUES (42, 'smedje oci');

INSERT INTO `preferencetags`(`idpreferenceTags`, `preferenceName`) VALUES (19, 'tamnoput');

INSERT INTO `preferencetags`(`idpreferenceTags`, `preferenceName`) VALUES (20, 'bled');

INSERT INTO `preferencetags`(`idpreferenceTags`, `preferenceName`) VALUES (45, 'seksi');

INSERT INTO `preferencetags`(`idpreferenceTags`, `preferenceName`) VALUES (22, 'pazljiv');

INSERT INTO `preferencetags`(`idpreferenceTags`, `preferenceName`) VALUES (23, 'saljivdzija');

INSERT INTO `preferencetags`(`idpreferenceTags`, `preferenceName`) VALUES (47, 'lep osmeh');

INSERT INTO `preferencetags`(`idpreferenceTags`, `preferenceName`) VALUES (25, 'lepa');

INSERT INTO `preferencetags`(`idpreferenceTags`, `preferenceName`) VALUES (26, 'zgodna');

INSERT INTO `preferencetags`(`idpreferenceTags`, `preferenceName`) VALUES (27, 'visoka');

INSERT INTO `preferencetags`(`idpreferenceTags`, `preferenceName`) VALUES (28, 'niska');

INSERT INTO `preferencetags`(`idpreferenceTags`, `preferenceName`) VALUES (29, 'pametna');

INSERT INTO `preferencetags`(`idpreferenceTags`, `preferenceName`) VALUES (30, 'mrsava');

INSERT INTO `preferencetags`(`idpreferenceTags`, `preferenceName`) VALUES (31, 'punacka');

INSERT INTO `preferencetags`(`idpreferenceTags`, `preferenceName`) VALUES (32, 'razvijena');

INSERT INTO `preferencetags`(`idpreferenceTags`, `preferenceName`) VALUES (33, 'plava');

INSERT INTO `preferencetags`(`idpreferenceTags`, `preferenceName`) VALUES (34, 'crna');

INSERT INTO `preferencetags`(`idpreferenceTags`, `preferenceName`) VALUES (35, 'smedja');

INSERT INTO `preferencetags`(`idpreferenceTags`, `preferenceName`) VALUES (36, 'ridjokosa');

INSERT INTO `preferencetags`(`idpreferenceTags`, `preferenceName`) VALUES (37, 'drustvena');

INSERT INTO `preferencetags`(`idpreferenceTags`, `preferenceName`) VALUES (38, 'raspolozena');

INSERT INTO `preferencetags`(`idpreferenceTags`, `preferenceName`) VALUES (43, 'tamnoputa');

INSERT INTO `preferencetags`(`idpreferenceTags`, `preferenceName`) VALUES (44, 'bledja');

INSERT INTO `preferencetags`(`idpreferenceTags`, `preferenceName`) VALUES (46, 'pazljiva');

INSERT INTO `preferencetags`(`idpreferenceTags`, `preferenceName`) VALUES (48, 'muzika');

INSERT INTO `preferencetags`(`idpreferenceTags`, `preferenceName`) VALUES (49, 'filmovi');

INSERT INTO `preferencetags`(`idpreferenceTags`, `preferenceName`) VALUES (50, 'fudbal');

INSERT INTO `preferencetags`(`idpreferenceTags`, `preferenceName`) VALUES (51, 'kosarka');

INSERT INTO `preferencetags`(`idpreferenceTags`, `preferenceName`) VALUES (52, 'gitara');

INSERT INTO `preferencetags`(`idpreferenceTags`, `preferenceName`) VALUES (53, 'klavir');

INSERT INTO `preferencetags`(`idpreferenceTags`, `preferenceName`) VALUES (54, 'druzenje');

INSERT INTO `preferencetags`(`idpreferenceTags`, `preferenceName`) VALUES (55, 'tehnologija');

INSERT INTO `preferencetags`(`idpreferenceTags`, `preferenceName`) VALUES (56, 'telefoni');

INSERT INTO `preferencetags`(`idpreferenceTags`, `preferenceName`) VALUES (57, 'gazirani sokovi');

INSERT INTO `preferencetags`(`idpreferenceTags`, `preferenceName`) VALUES (58, 'serije');

INSERT INTO `preferencetags`(`idpreferenceTags`, `preferenceName`) VALUES (59, 'bicikla');

INSERT INTO `preferencetags`(`idpreferenceTags`, `preferenceName`) VALUES (60, 'teretana');

INSERT INTO `preferencetags`(`idpreferenceTags`, `preferenceName`) VALUES (61, 'sah');

INSERT INTO `preferencetags`(`idpreferenceTags`, `preferenceName`) VALUES (62, 'drustvene igre');

INSERT INTO `preferencetags`(`idpreferenceTags`, `preferenceName`) VALUES (63, 'video igre');

INSERT INTO `preferencetags`(`idpreferenceTags`, `preferenceName`) VALUES (64, 'zemljoradnja');

INSERT INTO `preferencetags`(`idpreferenceTags`, `preferenceName`) VALUES (65, 'zivotinje');

INSERT INTO `preferencetags`(`idpreferenceTags`, `preferenceName`) VALUES (66, 'psi');

INSERT INTO `preferencetags`(`idpreferenceTags`, `preferenceName`) VALUES (67, 'macke');

INSERT INTO `preferencetags`(`idpreferenceTags`, `preferenceName`) VALUES (68, 'pisanje');

INSERT INTO `preferencetags`(`idpreferenceTags`, `preferenceName`) VALUES (69, 'pesme');

INSERT INTO `preferencetags`(`idpreferenceTags`, `preferenceName`) VALUES (70, 'poezija');

INSERT INTO `preferencetags`(`idpreferenceTags`, `preferenceName`) VALUES (71, 'ljubav');

INSERT INTO `preferencetags`(`idpreferenceTags`, `preferenceName`) VALUES (72, 'ekstremni sportovi');

INSERT INTO `preferencetags`(`idpreferenceTags`, `preferenceName`) VALUES (73, 'skejt');

INSERT INTO `preferencetags`(`idpreferenceTags`, `preferenceName`) VALUES (74, 'parkur');

INSERT INTO `preferencetags`(`idpreferenceTags`, `preferenceName`) VALUES (75, 'rok');

INSERT INTO `preferencetags`(`idpreferenceTags`, `preferenceName`) VALUES (76, 'narodna');

INSERT INTO `preferencetags`(`idpreferenceTags`, `preferenceName`) VALUES (77, 'klasika');

INSERT INTO `preferencetags`(`idpreferenceTags`, `preferenceName`) VALUES (78, 'dzez');

INSERT INTO `preferencetags`(`idpreferenceTags`, `preferenceName`) VALUES (79, 'metal');

INSERT INTO `preferencetags`(`idpreferenceTags`, `preferenceName`) VALUES (80, 'komedija');

INSERT INTO `preferencetags`(`idpreferenceTags`, `preferenceName`) VALUES (81, 'tragedija');

INSERT INTO `preferencetags`(`idpreferenceTags`, `preferenceName`) VALUES (82, 'blejanje');

INSERT INTO `preferencetags`(`idpreferenceTags`, `preferenceName`) VALUES (83, 'alkohol');

INSERT INTO `preferencetags`(`idpreferenceTags`, `preferenceName`) VALUES (84, 'pivo');

INSERT INTO `preferencetags`(`idpreferenceTags`, `preferenceName`) VALUES (85, 'vino');

INSERT INTO `preferencetags`(`idpreferenceTags`, `preferenceName`) VALUES (86, 'rakija');

INSERT INTO `preferencetags`(`idpreferenceTags`, `preferenceName`) VALUES (87, 'vinjak');

INSERT INTO `userprofiletags`(`idloginInfo`, `idpreferenceTags`) VALUES (1, 19);

INSERT INTO `userprofiletags`(`idloginInfo`, `idpreferenceTags`) VALUES (1, 11);

INSERT INTO `userprofiletags`(`idloginInfo`, `idpreferenceTags`) VALUES (1, 6);

INSERT INTO `userprofiletags`(`idloginInfo`, `idpreferenceTags`) VALUES (1, 7);

INSERT INTO `userprofiletags`(`idloginInfo`, `idpreferenceTags`) VALUES (1, 10);

INSERT INTO `userpreftag`(`idpreferenceTags`, `idloginInfo`, `value`) VALUES (30, 1, -5);

INSERT INTO `userpreftag`(`idpreferenceTags`, `idloginInfo`, `value`) VALUES (45, 1, -10);

INSERT INTO `userpreftag`(`idpreferenceTags`, `idloginInfo`, `value`) VALUES (27, 1, -9);

INSERT INTO `userpreftag`(`idpreferenceTags`, `idloginInfo`, `value`) VALUES (46, 1, -10);

INSERT INTO `userpreftag`(`idpreferenceTags`, `idloginInfo`, `value`) VALUES (34, 1, 8);

INSERT INTO `userpreftag`(`idpreferenceTags`, `idloginInfo`, `value`) VALUES (79, 1, -4);

INSERT INTO `userpreftag`(`idpreferenceTags`, `idloginInfo`, `value`) VALUES (85, 1, 8);

INSERT INTO `userpreftag`(`idpreferenceTags`, `idloginInfo`, `value`) VALUES (74, 1, -4);

INSERT INTO `userpreftag`(`idpreferenceTags`, `idloginInfo`, `value`) VALUES (56, 1, -1);

INSERT INTO `userpreftag`(`idpreferenceTags`, `idloginInfo`, `value`) VALUES (69, 1, -2);

INSERT INTO `userprofiletags`(`idloginInfo`, `idpreferenceTags`) VALUES (2, 42);

INSERT INTO `userprofiletags`(`idloginInfo`, `idpreferenceTags`) VALUES (2, 45);

INSERT INTO `userprofiletags`(`idloginInfo`, `idpreferenceTags`) VALUES (2, 2);

INSERT INTO `userprofiletags`(`idloginInfo`, `idpreferenceTags`) VALUES (2, 3);

INSERT INTO `userprofiletags`(`idloginInfo`, `idpreferenceTags`) VALUES (2, 13);

INSERT INTO `userpreftag`(`idpreferenceTags`, `idloginInfo`, `value`) VALUES (34, 2, 1);

INSERT INTO `userpreftag`(`idpreferenceTags`, `idloginInfo`, `value`) VALUES (42, 2, -7);

INSERT INTO `userpreftag`(`idpreferenceTags`, `idloginInfo`, `value`) VALUES (39, 2, -1);

INSERT INTO `userpreftag`(`idpreferenceTags`, `idloginInfo`, `value`) VALUES (29, 2, 5);

INSERT INTO `userpreftag`(`idpreferenceTags`, `idloginInfo`, `value`) VALUES (46, 2, 7);

INSERT INTO `userpreftag`(`idpreferenceTags`, `idloginInfo`, `value`) VALUES (76, 2, 3);

INSERT INTO `userpreftag`(`idpreferenceTags`, `idloginInfo`, `value`) VALUES (71, 2, -10);

INSERT INTO `userpreftag`(`idpreferenceTags`, `idloginInfo`, `value`) VALUES (52, 2, 7);

INSERT INTO `userpreftag`(`idpreferenceTags`, `idloginInfo`, `value`) VALUES (55, 2, 9);

INSERT INTO `userpreftag`(`idpreferenceTags`, `idloginInfo`, `value`) VALUES (69, 2, -8);

INSERT INTO `userprofiletags`(`idloginInfo`, `idpreferenceTags`) VALUES (3, 8);

INSERT INTO `userprofiletags`(`idloginInfo`, `idpreferenceTags`) VALUES (3, 45);

INSERT INTO `userprofiletags`(`idloginInfo`, `idpreferenceTags`) VALUES (3, 19);

INSERT INTO `userprofiletags`(`idloginInfo`, `idpreferenceTags`) VALUES (3, 4);

INSERT INTO `userprofiletags`(`idloginInfo`, `idpreferenceTags`) VALUES (3, 11);

INSERT INTO `userpreftag`(`idpreferenceTags`, `idloginInfo`, `value`) VALUES (31, 3, -5);

INSERT INTO `userpreftag`(`idpreferenceTags`, `idloginInfo`, `value`) VALUES (30, 3, 0);

INSERT INTO `userpreftag`(`idpreferenceTags`, `idloginInfo`, `value`) VALUES (42, 3, 1);

INSERT INTO `userpreftag`(`idpreferenceTags`, `idloginInfo`, `value`) VALUES (26, 3, -5);

INSERT INTO `userpreftag`(`idpreferenceTags`, `idloginInfo`, `value`) VALUES (46, 3, 1);

INSERT INTO `userpreftag`(`idpreferenceTags`, `idloginInfo`, `value`) VALUES (51, 3, -9);

INSERT INTO `userpreftag`(`idpreferenceTags`, `idloginInfo`, `value`) VALUES (66, 3, -4);

INSERT INTO `userpreftag`(`idpreferenceTags`, `idloginInfo`, `value`) VALUES (81, 3, -10);

INSERT INTO `userpreftag`(`idpreferenceTags`, `idloginInfo`, `value`) VALUES (60, 3, -3);

INSERT INTO `userpreftag`(`idpreferenceTags`, `idloginInfo`, `value`) VALUES (56, 3, 3);

INSERT INTO `userprofiletags`(`idloginInfo`, `idpreferenceTags`) VALUES (4, 14);

INSERT INTO `userprofiletags`(`idloginInfo`, `idpreferenceTags`) VALUES (4, 23);

INSERT INTO `userprofiletags`(`idloginInfo`, `idpreferenceTags`) VALUES (4, 6);

INSERT INTO `userprofiletags`(`idloginInfo`, `idpreferenceTags`) VALUES (4, 9);

INSERT INTO `userprofiletags`(`idloginInfo`, `idpreferenceTags`) VALUES (4, 11);

INSERT INTO `userpreftag`(`idpreferenceTags`, `idloginInfo`, `value`) VALUES (27, 4, 1);

INSERT INTO `userpreftag`(`idpreferenceTags`, `idloginInfo`, `value`) VALUES (46, 4, 6);

INSERT INTO `userpreftag`(`idpreferenceTags`, `idloginInfo`, `value`) VALUES (44, 4, 2);

INSERT INTO `userpreftag`(`idpreferenceTags`, `idloginInfo`, `value`) VALUES (29, 4, -3);

INSERT INTO `userpreftag`(`idpreferenceTags`, `idloginInfo`, `value`) VALUES (36, 4, -8);

INSERT INTO `userpreftag`(`idpreferenceTags`, `idloginInfo`, `value`) VALUES (79, 4, -7);

INSERT INTO `userpreftag`(`idpreferenceTags`, `idloginInfo`, `value`) VALUES (75, 4, -9);

INSERT INTO `userpreftag`(`idpreferenceTags`, `idloginInfo`, `value`) VALUES (53, 4, -1);

INSERT INTO `userpreftag`(`idpreferenceTags`, `idloginInfo`, `value`) VALUES (62, 4, 7);

INSERT INTO `userpreftag`(`idpreferenceTags`, `idloginInfo`, `value`) VALUES (68, 4, -8);

INSERT INTO `userprofiletags`(`idloginInfo`, `idpreferenceTags`) VALUES (5, 37);

INSERT INTO `userprofiletags`(`idloginInfo`, `idpreferenceTags`) VALUES (5, 41);

INSERT INTO `userprofiletags`(`idloginInfo`, `idpreferenceTags`) VALUES (5, 34);

INSERT INTO `userprofiletags`(`idloginInfo`, `idpreferenceTags`) VALUES (5, 47);

INSERT INTO `userprofiletags`(`idloginInfo`, `idpreferenceTags`) VALUES (5, 35);

INSERT INTO `userpreftag`(`idpreferenceTags`, `idloginInfo`, `value`) VALUES (19, 5, -7);

INSERT INTO `userpreftag`(`idpreferenceTags`, `idloginInfo`, `value`) VALUES (5, 5, -9);

INSERT INTO `userpreftag`(`idpreferenceTags`, `idloginInfo`, `value`) VALUES (23, 5, -6);

INSERT INTO `userpreftag`(`idpreferenceTags`, `idloginInfo`, `value`) VALUES (14, 5, -9);

INSERT INTO `userpreftag`(`idpreferenceTags`, `idloginInfo`, `value`) VALUES (3, 5, 6);

INSERT INTO `userpreftag`(`idpreferenceTags`, `idloginInfo`, `value`) VALUES (59, 5, 7);

INSERT INTO `userpreftag`(`idpreferenceTags`, `idloginInfo`, `value`) VALUES (48, 5, -8);

INSERT INTO `userpreftag`(`idpreferenceTags`, `idloginInfo`, `value`) VALUES (58, 5, -9);

INSERT INTO `userpreftag`(`idpreferenceTags`, `idloginInfo`, `value`) VALUES (80, 5, -6);

INSERT INTO `userpreftag`(`idpreferenceTags`, `idloginInfo`, `value`) VALUES (72, 5, 2);

INSERT INTO `userprofiletags`(`idloginInfo`, `idpreferenceTags`) VALUES (6, 14);

INSERT INTO `userprofiletags`(`idloginInfo`, `idpreferenceTags`) VALUES (6, 41);

INSERT INTO `userprofiletags`(`idloginInfo`, `idpreferenceTags`) VALUES (6, 13);

INSERT INTO `userprofiletags`(`idloginInfo`, `idpreferenceTags`) VALUES (6, 23);

INSERT INTO `userprofiletags`(`idloginInfo`, `idpreferenceTags`) VALUES (6, 12);

INSERT INTO `userpreftag`(`idpreferenceTags`, `idloginInfo`, `value`) VALUES (34, 6, 5);

INSERT INTO `userpreftag`(`idpreferenceTags`, `idloginInfo`, `value`) VALUES (37, 6, -9);

INSERT INTO `userpreftag`(`idpreferenceTags`, `idloginInfo`, `value`) VALUES (33, 6, -4);

INSERT INTO `userpreftag`(`idpreferenceTags`, `idloginInfo`, `value`) VALUES (31, 6, 5);

INSERT INTO `userpreftag`(`idpreferenceTags`, `idloginInfo`, `value`) VALUES (43, 6, 5);

INSERT INTO `userpreftag`(`idpreferenceTags`, `idloginInfo`, `value`) VALUES (87, 6, -8);

INSERT INTO `userpreftag`(`idpreferenceTags`, `idloginInfo`, `value`) VALUES (48, 6, 0);

INSERT INTO `userpreftag`(`idpreferenceTags`, `idloginInfo`, `value`) VALUES (70, 6, 7);

INSERT INTO `userpreftag`(`idpreferenceTags`, `idloginInfo`, `value`) VALUES (63, 6, 4);

INSERT INTO `userpreftag`(`idpreferenceTags`, `idloginInfo`, `value`) VALUES (82, 6, 4);

INSERT INTO `userprofiletags`(`idloginInfo`, `idpreferenceTags`) VALUES (7, 11);

INSERT INTO `userprofiletags`(`idloginInfo`, `idpreferenceTags`) VALUES (7, 5);

INSERT INTO `userprofiletags`(`idloginInfo`, `idpreferenceTags`) VALUES (7, 42);

INSERT INTO `userprofiletags`(`idloginInfo`, `idpreferenceTags`) VALUES (7, 2);

INSERT INTO `userprofiletags`(`idloginInfo`, `idpreferenceTags`) VALUES (7, 23);

INSERT INTO `userpreftag`(`idpreferenceTags`, `idloginInfo`, `value`) VALUES (45, 7, -10);

INSERT INTO `userpreftag`(`idpreferenceTags`, `idloginInfo`, `value`) VALUES (34, 7, -10);

INSERT INTO `userpreftag`(`idpreferenceTags`, `idloginInfo`, `value`) VALUES (29, 7, 3);

INSERT INTO `userpreftag`(`idpreferenceTags`, `idloginInfo`, `value`) VALUES (31, 7, 9);

INSERT INTO `userpreftag`(`idpreferenceTags`, `idloginInfo`, `value`) VALUES (26, 7, -6);

INSERT INTO `userpreftag`(`idpreferenceTags`, `idloginInfo`, `value`) VALUES (78, 7, -1);

INSERT INTO `userpreftag`(`idpreferenceTags`, `idloginInfo`, `value`) VALUES (84, 7, -8);

INSERT INTO `userpreftag`(`idpreferenceTags`, `idloginInfo`, `value`) VALUES (63, 7, 4);

INSERT INTO `userpreftag`(`idpreferenceTags`, `idloginInfo`, `value`) VALUES (64, 7, 7);

INSERT INTO `userpreftag`(`idpreferenceTags`, `idloginInfo`, `value`) VALUES (69, 7, -7);

INSERT INTO `userprofiletags`(`idloginInfo`, `idpreferenceTags`) VALUES (8, 28);

INSERT INTO `userprofiletags`(`idloginInfo`, `idpreferenceTags`) VALUES (8, 39);

INSERT INTO `userprofiletags`(`idloginInfo`, `idpreferenceTags`) VALUES (8, 36);

INSERT INTO `userprofiletags`(`idloginInfo`, `idpreferenceTags`) VALUES (8, 35);

INSERT INTO `userprofiletags`(`idloginInfo`, `idpreferenceTags`) VALUES (8, 32);

INSERT INTO `userpreftag`(`idpreferenceTags`, `idloginInfo`, `value`) VALUES (5, 8, 6);

INSERT INTO `userpreftag`(`idpreferenceTags`, `idloginInfo`, `value`) VALUES (23, 8, -5);

INSERT INTO `userpreftag`(`idpreferenceTags`, `idloginInfo`, `value`) VALUES (47, 8, 2);

INSERT INTO `userpreftag`(`idpreferenceTags`, `idloginInfo`, `value`) VALUES (1, 8, -10);

INSERT INTO `userpreftag`(`idpreferenceTags`, `idloginInfo`, `value`) VALUES (12, 8, 9);

INSERT INTO `userpreftag`(`idpreferenceTags`, `idloginInfo`, `value`) VALUES (86, 8, -3);

INSERT INTO `userpreftag`(`idpreferenceTags`, `idloginInfo`, `value`) VALUES (51, 8, 1);

INSERT INTO `userpreftag`(`idpreferenceTags`, `idloginInfo`, `value`) VALUES (79, 8, -10);

INSERT INTO `userpreftag`(`idpreferenceTags`, `idloginInfo`, `value`) VALUES (50, 8, 7);

INSERT INTO `userpreftag`(`idpreferenceTags`, `idloginInfo`, `value`) VALUES (68, 8, 4);

INSERT INTO `userprofiletags`(`idloginInfo`, `idpreferenceTags`) VALUES (9, 5);

INSERT INTO `userprofiletags`(`idloginInfo`, `idpreferenceTags`) VALUES (9, 2);

INSERT INTO `userprofiletags`(`idloginInfo`, `idpreferenceTags`) VALUES (9, 23);

INSERT INTO `userprofiletags`(`idloginInfo`, `idpreferenceTags`) VALUES (9, 8);

INSERT INTO `userprofiletags`(`idloginInfo`, `idpreferenceTags`) VALUES (9, 14);

INSERT INTO `userpreftag`(`idpreferenceTags`, `idloginInfo`, `value`) VALUES (47, 9, 8);

INSERT INTO `userpreftag`(`idpreferenceTags`, `idloginInfo`, `value`) VALUES (30, 9, 8);

INSERT INTO `userpreftag`(`idpreferenceTags`, `idloginInfo`, `value`) VALUES (34, 9, -6);

INSERT INTO `userpreftag`(`idpreferenceTags`, `idloginInfo`, `value`) VALUES (41, 9, -9);

INSERT INTO `userpreftag`(`idpreferenceTags`, `idloginInfo`, `value`) VALUES (33, 9, 4);

INSERT INTO `userpreftag`(`idpreferenceTags`, `idloginInfo`, `value`) VALUES (61, 9, -4);

INSERT INTO `userpreftag`(`idpreferenceTags`, `idloginInfo`, `value`) VALUES (63, 9, -10);

INSERT INTO `userpreftag`(`idpreferenceTags`, `idloginInfo`, `value`) VALUES (79, 9, 2);

INSERT INTO `userpreftag`(`idpreferenceTags`, `idloginInfo`, `value`) VALUES (86, 9, 6);

INSERT INTO `userpreftag`(`idpreferenceTags`, `idloginInfo`, `value`) VALUES (53, 9, 6);

INSERT INTO `userprofiletags`(`idloginInfo`, `idpreferenceTags`) VALUES (10, 5);

INSERT INTO `userprofiletags`(`idloginInfo`, `idpreferenceTags`) VALUES (10, 6);

INSERT INTO `userprofiletags`(`idloginInfo`, `idpreferenceTags`) VALUES (10, 3);

INSERT INTO `userprofiletags`(`idloginInfo`, `idpreferenceTags`) VALUES (10, 39);

INSERT INTO `userprofiletags`(`idloginInfo`, `idpreferenceTags`) VALUES (10, 12);

INSERT INTO `userpreftag`(`idpreferenceTags`, `idloginInfo`, `value`) VALUES (29, 10, 5);

INSERT INTO `userpreftag`(`idpreferenceTags`, `idloginInfo`, `value`) VALUES (30, 10, -6);

INSERT INTO `userpreftag`(`idpreferenceTags`, `idloginInfo`, `value`) VALUES (35, 10, 8);

INSERT INTO `userpreftag`(`idpreferenceTags`, `idloginInfo`, `value`) VALUES (42, 10, -10);

INSERT INTO `userpreftag`(`idpreferenceTags`, `idloginInfo`, `value`) VALUES (25, 10, -6);

INSERT INTO `userpreftag`(`idpreferenceTags`, `idloginInfo`, `value`) VALUES (77, 10, -1);

INSERT INTO `userpreftag`(`idpreferenceTags`, `idloginInfo`, `value`) VALUES (69, 10, 8);

INSERT INTO `userpreftag`(`idpreferenceTags`, `idloginInfo`, `value`) VALUES (52, 10, -1);

INSERT INTO `userpreftag`(`idpreferenceTags`, `idloginInfo`, `value`) VALUES (62, 10, 8);

INSERT INTO `userpreftag`(`idpreferenceTags`, `idloginInfo`, `value`) VALUES (85, 10, 7);

INSERT INTO `userprofiletags`(`idloginInfo`, `idpreferenceTags`) VALUES (11, 31);

INSERT INTO `userprofiletags`(`idloginInfo`, `idpreferenceTags`) VALUES (11, 34);

INSERT INTO `userprofiletags`(`idloginInfo`, `idpreferenceTags`) VALUES (11, 32);

INSERT INTO `userprofiletags`(`idloginInfo`, `idpreferenceTags`) VALUES (11, 44);

INSERT INTO `userprofiletags`(`idloginInfo`, `idpreferenceTags`) VALUES (11, 26);

INSERT INTO `userpreftag`(`idpreferenceTags`, `idloginInfo`, `value`) VALUES (9, 11, -9);

INSERT INTO `userpreftag`(`idpreferenceTags`, `idloginInfo`, `value`) VALUES (14, 11, 7);

INSERT INTO `userpreftag`(`idpreferenceTags`, `idloginInfo`, `value`) VALUES (10, 11, 8);

INSERT INTO `userpreftag`(`idpreferenceTags`, `idloginInfo`, `value`) VALUES (5, 11, -2);

INSERT INTO `userpreftag`(`idpreferenceTags`, `idloginInfo`, `value`) VALUES (39, 11, 4);

INSERT INTO `userpreftag`(`idpreferenceTags`, `idloginInfo`, `value`) VALUES (50, 11, -9);

INSERT INTO `userpreftag`(`idpreferenceTags`, `idloginInfo`, `value`) VALUES (48, 11, -7);

INSERT INTO `userpreftag`(`idpreferenceTags`, `idloginInfo`, `value`) VALUES (57, 11, 5);

INSERT INTO `userpreftag`(`idpreferenceTags`, `idloginInfo`, `value`) VALUES (56, 11, 5);

INSERT INTO `userpreftag`(`idpreferenceTags`, `idloginInfo`, `value`) VALUES (60, 11, -1);

INSERT INTO `userprofiletags`(`idloginInfo`, `idpreferenceTags`) VALUES (12, 19);

INSERT INTO `userprofiletags`(`idloginInfo`, `idpreferenceTags`) VALUES (12, 40);

INSERT INTO `userprofiletags`(`idloginInfo`, `idpreferenceTags`) VALUES (12, 10);

INSERT INTO `userprofiletags`(`idloginInfo`, `idpreferenceTags`) VALUES (12, 20);

INSERT INTO `userprofiletags`(`idloginInfo`, `idpreferenceTags`) VALUES (12, 14);

INSERT INTO `userpreftag`(`idpreferenceTags`, `idloginInfo`, `value`) VALUES (46, 12, -9);

INSERT INTO `userpreftag`(`idpreferenceTags`, `idloginInfo`, `value`) VALUES (37, 12, 9);

INSERT INTO `userpreftag`(`idpreferenceTags`, `idloginInfo`, `value`) VALUES (43, 12, -3);

INSERT INTO `userpreftag`(`idpreferenceTags`, `idloginInfo`, `value`) VALUES (42, 12, 6);

INSERT INTO `userpreftag`(`idpreferenceTags`, `idloginInfo`, `value`) VALUES (38, 12, -9);

INSERT INTO `userpreftag`(`idpreferenceTags`, `idloginInfo`, `value`) VALUES (82, 12, 8);

INSERT INTO `userpreftag`(`idpreferenceTags`, `idloginInfo`, `value`) VALUES (70, 12, -2);

INSERT INTO `userpreftag`(`idpreferenceTags`, `idloginInfo`, `value`) VALUES (50, 12, 2);

INSERT INTO `userpreftag`(`idpreferenceTags`, `idloginInfo`, `value`) VALUES (71, 12, 2);

INSERT INTO `userpreftag`(`idpreferenceTags`, `idloginInfo`, `value`) VALUES (53, 12, -6);

INSERT INTO `userprofiletags`(`idloginInfo`, `idpreferenceTags`) VALUES (13, 27);

INSERT INTO `userprofiletags`(`idloginInfo`, `idpreferenceTags`) VALUES (13, 35);

INSERT INTO `userprofiletags`(`idloginInfo`, `idpreferenceTags`) VALUES (13, 34);

INSERT INTO `userprofiletags`(`idloginInfo`, `idpreferenceTags`) VALUES (13, 26);

INSERT INTO `userprofiletags`(`idloginInfo`, `idpreferenceTags`) VALUES (13, 43);

INSERT INTO `userpreftag`(`idpreferenceTags`, `idloginInfo`, `value`) VALUES (1, 13, 4);

INSERT INTO `userpreftag`(`idpreferenceTags`, `idloginInfo`, `value`) VALUES (42, 13, 8);

INSERT INTO `userpreftag`(`idpreferenceTags`, `idloginInfo`, `value`) VALUES (40, 13, 4);

INSERT INTO `userpreftag`(`idpreferenceTags`, `idloginInfo`, `value`) VALUES (39, 13, 2);

INSERT INTO `userpreftag`(`idpreferenceTags`, `idloginInfo`, `value`) VALUES (2, 13, 2);

INSERT INTO `userpreftag`(`idpreferenceTags`, `idloginInfo`, `value`) VALUES (72, 13, -8);

INSERT INTO `userpreftag`(`idpreferenceTags`, `idloginInfo`, `value`) VALUES (57, 13, 9);

INSERT INTO `userpreftag`(`idpreferenceTags`, `idloginInfo`, `value`) VALUES (69, 13, -6);

INSERT INTO `userpreftag`(`idpreferenceTags`, `idloginInfo`, `value`) VALUES (86, 13, -6);

INSERT INTO `userpreftag`(`idpreferenceTags`, `idloginInfo`, `value`) VALUES (82, 13, 0);

INSERT INTO `userprofiletags`(`idloginInfo`, `idpreferenceTags`) VALUES (14, 5);

INSERT INTO `userprofiletags`(`idloginInfo`, `idpreferenceTags`) VALUES (14, 6);

INSERT INTO `userprofiletags`(`idloginInfo`, `idpreferenceTags`) VALUES (14, 40);

INSERT INTO `userprofiletags`(`idloginInfo`, `idpreferenceTags`) VALUES (14, 7);

INSERT INTO `userprofiletags`(`idloginInfo`, `idpreferenceTags`) VALUES (14, 20);

INSERT INTO `userpreftag`(`idpreferenceTags`, `idloginInfo`, `value`) VALUES (42, 14, -3);

INSERT INTO `userpreftag`(`idpreferenceTags`, `idloginInfo`, `value`) VALUES (30, 14, -9);

INSERT INTO `userpreftag`(`idpreferenceTags`, `idloginInfo`, `value`) VALUES (36, 14, -10);

INSERT INTO `userpreftag`(`idpreferenceTags`, `idloginInfo`, `value`) VALUES (46, 14, 0);

INSERT INTO `userpreftag`(`idpreferenceTags`, `idloginInfo`, `value`) VALUES (28, 14, 6);

INSERT INTO `userpreftag`(`idpreferenceTags`, `idloginInfo`, `value`) VALUES (48, 14, 3);

INSERT INTO `userpreftag`(`idpreferenceTags`, `idloginInfo`, `value`) VALUES (50, 14, 9);

INSERT INTO `userpreftag`(`idpreferenceTags`, `idloginInfo`, `value`) VALUES (83, 14, 9);

INSERT INTO `userpreftag`(`idpreferenceTags`, `idloginInfo`, `value`) VALUES (74, 14, -7);

INSERT INTO `userpreftag`(`idpreferenceTags`, `idloginInfo`, `value`) VALUES (62, 14, 4);

INSERT INTO `userprofiletags`(`idloginInfo`, `idpreferenceTags`) VALUES (15, 41);

INSERT INTO `userprofiletags`(`idloginInfo`, `idpreferenceTags`) VALUES (15, 9);

INSERT INTO `userprofiletags`(`idloginInfo`, `idpreferenceTags`) VALUES (15, 14);

INSERT INTO `userprofiletags`(`idloginInfo`, `idpreferenceTags`) VALUES (15, 19);

INSERT INTO `userprofiletags`(`idloginInfo`, `idpreferenceTags`) VALUES (15, 11);

INSERT INTO `userpreftag`(`idpreferenceTags`, `idloginInfo`, `value`) VALUES (28, 15, -6);

INSERT INTO `userpreftag`(`idpreferenceTags`, `idloginInfo`, `value`) VALUES (35, 15, 7);

INSERT INTO `userpreftag`(`idpreferenceTags`, `idloginInfo`, `value`) VALUES (33, 15, -3);

INSERT INTO `userpreftag`(`idpreferenceTags`, `idloginInfo`, `value`) VALUES (45, 15, 2);

INSERT INTO `userpreftag`(`idpreferenceTags`, `idloginInfo`, `value`) VALUES (25, 15, -2);

INSERT INTO `userpreftag`(`idpreferenceTags`, `idloginInfo`, `value`) VALUES (50, 15, 6);

INSERT INTO `userpreftag`(`idpreferenceTags`, `idloginInfo`, `value`) VALUES (83, 15, -1);

INSERT INTO `userpreftag`(`idpreferenceTags`, `idloginInfo`, `value`) VALUES (64, 15, -1);

INSERT INTO `userpreftag`(`idpreferenceTags`, `idloginInfo`, `value`) VALUES (60, 15, -5);

INSERT INTO `userpreftag`(`idpreferenceTags`, `idloginInfo`, `value`) VALUES (82, 15, 8);

INSERT INTO `userprofiletags`(`idloginInfo`, `idpreferenceTags`) VALUES (16, 42);

INSERT INTO `userprofiletags`(`idloginInfo`, `idpreferenceTags`) VALUES (16, 2);

INSERT INTO `userprofiletags`(`idloginInfo`, `idpreferenceTags`) VALUES (16, 39);

INSERT INTO `userprofiletags`(`idloginInfo`, `idpreferenceTags`) VALUES (16, 11);

INSERT INTO `userprofiletags`(`idloginInfo`, `idpreferenceTags`) VALUES (16, 4);

INSERT INTO `userpreftag`(`idpreferenceTags`, `idloginInfo`, `value`) VALUES (34, 16, -5);

INSERT INTO `userpreftag`(`idpreferenceTags`, `idloginInfo`, `value`) VALUES (39, 16, -6);

INSERT INTO `userpreftag`(`idpreferenceTags`, `idloginInfo`, `value`) VALUES (43, 16, 9);

INSERT INTO `userpreftag`(`idpreferenceTags`, `idloginInfo`, `value`) VALUES (29, 16, 4);

INSERT INTO `userpreftag`(`idpreferenceTags`, `idloginInfo`, `value`) VALUES (32, 16, 3);

INSERT INTO `userpreftag`(`idpreferenceTags`, `idloginInfo`, `value`) VALUES (65, 16, -7);

INSERT INTO `userpreftag`(`idpreferenceTags`, `idloginInfo`, `value`) VALUES (54, 16, -2);

INSERT INTO `userpreftag`(`idpreferenceTags`, `idloginInfo`, `value`) VALUES (51, 16, -1);

INSERT INTO `userpreftag`(`idpreferenceTags`, `idloginInfo`, `value`) VALUES (74, 16, -10);

INSERT INTO `userpreftag`(`idpreferenceTags`, `idloginInfo`, `value`) VALUES (62, 16, 8);

INSERT INTO `userprofiletags`(`idloginInfo`, `idpreferenceTags`) VALUES (17, 11);

INSERT INTO `userprofiletags`(`idloginInfo`, `idpreferenceTags`) VALUES (17, 45);

INSERT INTO `userprofiletags`(`idloginInfo`, `idpreferenceTags`) VALUES (17, 9);

INSERT INTO `userprofiletags`(`idloginInfo`, `idpreferenceTags`) VALUES (17, 39);

INSERT INTO `userprofiletags`(`idloginInfo`, `idpreferenceTags`) VALUES (17, 7);

INSERT INTO `userpreftag`(`idpreferenceTags`, `idloginInfo`, `value`) VALUES (28, 17, 7);

INSERT INTO `userpreftag`(`idpreferenceTags`, `idloginInfo`, `value`) VALUES (35, 17, 1);

INSERT INTO `userpreftag`(`idpreferenceTags`, `idloginInfo`, `value`) VALUES (34, 17, 8);

INSERT INTO `userpreftag`(`idpreferenceTags`, `idloginInfo`, `value`) VALUES (38, 17, 2);

INSERT INTO `userpreftag`(`idpreferenceTags`, `idloginInfo`, `value`) VALUES (46, 17, -6);

INSERT INTO `userpreftag`(`idpreferenceTags`, `idloginInfo`, `value`) VALUES (76, 17, 9);

INSERT INTO `userpreftag`(`idpreferenceTags`, `idloginInfo`, `value`) VALUES (67, 17, 2);

INSERT INTO `userpreftag`(`idpreferenceTags`, `idloginInfo`, `value`) VALUES (81, 17, 3);

INSERT INTO `userpreftag`(`idpreferenceTags`, `idloginInfo`, `value`) VALUES (51, 17, 1);

INSERT INTO `userpreftag`(`idpreferenceTags`, `idloginInfo`, `value`) VALUES (69, 17, 9);

INSERT INTO `userprofiletags`(`idloginInfo`, `idpreferenceTags`) VALUES (18, 40);

INSERT INTO `userprofiletags`(`idloginInfo`, `idpreferenceTags`) VALUES (18, 7);

INSERT INTO `userprofiletags`(`idloginInfo`, `idpreferenceTags`) VALUES (18, 3);

INSERT INTO `userprofiletags`(`idloginInfo`, `idpreferenceTags`) VALUES (18, 10);

INSERT INTO `userprofiletags`(`idloginInfo`, `idpreferenceTags`) VALUES (18, 6);

INSERT INTO `userpreftag`(`idpreferenceTags`, `idloginInfo`, `value`) VALUES (26, 18, 8);

INSERT INTO `userpreftag`(`idpreferenceTags`, `idloginInfo`, `value`) VALUES (44, 18, 0);

INSERT INTO `userpreftag`(`idpreferenceTags`, `idloginInfo`, `value`) VALUES (39, 18, 2);

INSERT INTO `userpreftag`(`idpreferenceTags`, `idloginInfo`, `value`) VALUES (34, 18, -2);

INSERT INTO `userpreftag`(`idpreferenceTags`, `idloginInfo`, `value`) VALUES (40, 18, 6);

INSERT INTO `userpreftag`(`idpreferenceTags`, `idloginInfo`, `value`) VALUES (69, 18, 6);

INSERT INTO `userpreftag`(`idpreferenceTags`, `idloginInfo`, `value`) VALUES (86, 18, 8);

INSERT INTO `userpreftag`(`idpreferenceTags`, `idloginInfo`, `value`) VALUES (59, 18, 8);

INSERT INTO `userpreftag`(`idpreferenceTags`, `idloginInfo`, `value`) VALUES (49, 18, -4);

INSERT INTO `userpreftag`(`idpreferenceTags`, `idloginInfo`, `value`) VALUES (54, 18, -8);

INSERT INTO `userprofiletags`(`idloginInfo`, `idpreferenceTags`) VALUES (19, 2);

INSERT INTO `userprofiletags`(`idloginInfo`, `idpreferenceTags`) VALUES (19, 19);

INSERT INTO `userprofiletags`(`idloginInfo`, `idpreferenceTags`) VALUES (19, 40);

INSERT INTO `userprofiletags`(`idloginInfo`, `idpreferenceTags`) VALUES (19, 22);

INSERT INTO `userprofiletags`(`idloginInfo`, `idpreferenceTags`) VALUES (19, 8);

INSERT INTO `userpreftag`(`idpreferenceTags`, `idloginInfo`, `value`) VALUES (28, 19, -3);

INSERT INTO `userpreftag`(`idpreferenceTags`, `idloginInfo`, `value`) VALUES (40, 19, -2);

INSERT INTO `userpreftag`(`idpreferenceTags`, `idloginInfo`, `value`) VALUES (34, 19, -10);

INSERT INTO `userpreftag`(`idpreferenceTags`, `idloginInfo`, `value`) VALUES (25, 19, 9);

INSERT INTO `userpreftag`(`idpreferenceTags`, `idloginInfo`, `value`) VALUES (45, 19, -8);

INSERT INTO `userpreftag`(`idpreferenceTags`, `idloginInfo`, `value`) VALUES (63, 19, 1);

INSERT INTO `userpreftag`(`idpreferenceTags`, `idloginInfo`, `value`) VALUES (69, 19, -1);

INSERT INTO `userpreftag`(`idpreferenceTags`, `idloginInfo`, `value`) VALUES (74, 19, -8);

INSERT INTO `userpreftag`(`idpreferenceTags`, `idloginInfo`, `value`) VALUES (60, 19, -9);

INSERT INTO `userpreftag`(`idpreferenceTags`, `idloginInfo`, `value`) VALUES (72, 19, 6);

INSERT INTO `userprofiletags`(`idloginInfo`, `idpreferenceTags`) VALUES (20, 39);

INSERT INTO `userprofiletags`(`idloginInfo`, `idpreferenceTags`) VALUES (20, 33);

INSERT INTO `userprofiletags`(`idloginInfo`, `idpreferenceTags`) VALUES (20, 43);

INSERT INTO `userprofiletags`(`idloginInfo`, `idpreferenceTags`) VALUES (20, 36);

INSERT INTO `userprofiletags`(`idloginInfo`, `idpreferenceTags`) VALUES (20, 31);

INSERT INTO `userpreftag`(`idpreferenceTags`, `idloginInfo`, `value`) VALUES (8, 20, -2);

INSERT INTO `userpreftag`(`idpreferenceTags`, `idloginInfo`, `value`) VALUES (1, 20, 9);

INSERT INTO `userpreftag`(`idpreferenceTags`, `idloginInfo`, `value`) VALUES (39, 20, 2);

INSERT INTO `userpreftag`(`idpreferenceTags`, `idloginInfo`, `value`) VALUES (42, 20, 9);

INSERT INTO `userpreftag`(`idpreferenceTags`, `idloginInfo`, `value`) VALUES (6, 20, -5);

INSERT INTO `userpreftag`(`idpreferenceTags`, `idloginInfo`, `value`) VALUES (72, 20, 9);

INSERT INTO `userpreftag`(`idpreferenceTags`, `idloginInfo`, `value`) VALUES (67, 20, 5);

INSERT INTO `userpreftag`(`idpreferenceTags`, `idloginInfo`, `value`) VALUES (59, 20, -2);

INSERT INTO `userpreftag`(`idpreferenceTags`, `idloginInfo`, `value`) VALUES (71, 20, 2);

INSERT INTO `userpreftag`(`idpreferenceTags`, `idloginInfo`, `value`) VALUES (61, 20, -8);

INSERT INTO `userprofiletags`(`idloginInfo`, `idpreferenceTags`) VALUES (21, 37);

INSERT INTO `userprofiletags`(`idloginInfo`, `idpreferenceTags`) VALUES (21, 30);

INSERT INTO `userprofiletags`(`idloginInfo`, `idpreferenceTags`) VALUES (21, 29);

INSERT INTO `userprofiletags`(`idloginInfo`, `idpreferenceTags`) VALUES (21, 46);

INSERT INTO `userprofiletags`(`idloginInfo`, `idpreferenceTags`) VALUES (21, 40);

INSERT INTO `userpreftag`(`idpreferenceTags`, `idloginInfo`, `value`) VALUES (4, 21, -8);

INSERT INTO `userpreftag`(`idpreferenceTags`, `idloginInfo`, `value`) VALUES (5, 21, -2);

INSERT INTO `userpreftag`(`idpreferenceTags`, `idloginInfo`, `value`) VALUES (14, 21, 3);

INSERT INTO `userpreftag`(`idpreferenceTags`, `idloginInfo`, `value`) VALUES (40, 21, 6);

INSERT INTO `userpreftag`(`idpreferenceTags`, `idloginInfo`, `value`) VALUES (12, 21, -5);

INSERT INTO `userpreftag`(`idpreferenceTags`, `idloginInfo`, `value`) VALUES (52, 21, 0);

INSERT INTO `userpreftag`(`idpreferenceTags`, `idloginInfo`, `value`) VALUES (78, 21, 2);

INSERT INTO `userpreftag`(`idpreferenceTags`, `idloginInfo`, `value`) VALUES (62, 21, -5);

INSERT INTO `userpreftag`(`idpreferenceTags`, `idloginInfo`, `value`) VALUES (55, 21, -9);

INSERT INTO `userpreftag`(`idpreferenceTags`, `idloginInfo`, `value`) VALUES (74, 21, 5);

INSERT INTO `userprofiletags`(`idloginInfo`, `idpreferenceTags`) VALUES (22, 45);

INSERT INTO `userprofiletags`(`idloginInfo`, `idpreferenceTags`) VALUES (22, 10);

INSERT INTO `userprofiletags`(`idloginInfo`, `idpreferenceTags`) VALUES (22, 12);

INSERT INTO `userprofiletags`(`idloginInfo`, `idpreferenceTags`) VALUES (22, 1);

INSERT INTO `userprofiletags`(`idloginInfo`, `idpreferenceTags`) VALUES (22, 22);

INSERT INTO `userpreftag`(`idpreferenceTags`, `idloginInfo`, `value`) VALUES (47, 22, -10);

INSERT INTO `userpreftag`(`idpreferenceTags`, `idloginInfo`, `value`) VALUES (41, 22, 4);

INSERT INTO `userpreftag`(`idpreferenceTags`, `idloginInfo`, `value`) VALUES (35, 22, -7);

INSERT INTO `userpreftag`(`idpreferenceTags`, `idloginInfo`, `value`) VALUES (43, 22, 5);

INSERT INTO `userpreftag`(`idpreferenceTags`, `idloginInfo`, `value`) VALUES (39, 22, -8);

INSERT INTO `userpreftag`(`idpreferenceTags`, `idloginInfo`, `value`) VALUES (52, 22, -8);

INSERT INTO `userpreftag`(`idpreferenceTags`, `idloginInfo`, `value`) VALUES (69, 22, 8);

INSERT INTO `userpreftag`(`idpreferenceTags`, `idloginInfo`, `value`) VALUES (63, 22, 8);

INSERT INTO `userpreftag`(`idpreferenceTags`, `idloginInfo`, `value`) VALUES (73, 22, -1);

INSERT INTO `userpreftag`(`idpreferenceTags`, `idloginInfo`, `value`) VALUES (74, 22, 8);

INSERT INTO `userprofiletags`(`idloginInfo`, `idpreferenceTags`) VALUES (23, 13);

INSERT INTO `userprofiletags`(`idloginInfo`, `idpreferenceTags`) VALUES (23, 39);

INSERT INTO `userprofiletags`(`idloginInfo`, `idpreferenceTags`) VALUES (23, 45);

INSERT INTO `userprofiletags`(`idloginInfo`, `idpreferenceTags`) VALUES (23, 2);

INSERT INTO `userprofiletags`(`idloginInfo`, `idpreferenceTags`) VALUES (23, 20);

INSERT INTO `userpreftag`(`idpreferenceTags`, `idloginInfo`, `value`) VALUES (45, 23, -2);

INSERT INTO `userpreftag`(`idpreferenceTags`, `idloginInfo`, `value`) VALUES (29, 23, -5);

INSERT INTO `userpreftag`(`idpreferenceTags`, `idloginInfo`, `value`) VALUES (40, 23, -7);

INSERT INTO `userpreftag`(`idpreferenceTags`, `idloginInfo`, `value`) VALUES (25, 23, -4);

INSERT INTO `userpreftag`(`idpreferenceTags`, `idloginInfo`, `value`) VALUES (41, 23, -9);

INSERT INTO `userpreftag`(`idpreferenceTags`, `idloginInfo`, `value`) VALUES (53, 23, -8);

INSERT INTO `userpreftag`(`idpreferenceTags`, `idloginInfo`, `value`) VALUES (52, 23, -6);

INSERT INTO `userpreftag`(`idpreferenceTags`, `idloginInfo`, `value`) VALUES (54, 23, 1);

INSERT INTO `userpreftag`(`idpreferenceTags`, `idloginInfo`, `value`) VALUES (78, 23, -10);

INSERT INTO `userpreftag`(`idpreferenceTags`, `idloginInfo`, `value`) VALUES (86, 23, -10);

INSERT INTO `userprofiletags`(`idloginInfo`, `idpreferenceTags`) VALUES (24, 47);

INSERT INTO `userprofiletags`(`idloginInfo`, `idpreferenceTags`) VALUES (24, 45);

INSERT INTO `userprofiletags`(`idloginInfo`, `idpreferenceTags`) VALUES (24, 42);

INSERT INTO `userprofiletags`(`idloginInfo`, `idpreferenceTags`) VALUES (24, 39);

INSERT INTO `userprofiletags`(`idloginInfo`, `idpreferenceTags`) VALUES (24, 40);

INSERT INTO `userpreftag`(`idpreferenceTags`, `idloginInfo`, `value`) VALUES (32, 24, -1);

INSERT INTO `userpreftag`(`idpreferenceTags`, `idloginInfo`, `value`) VALUES (30, 24, 3);

INSERT INTO `userpreftag`(`idpreferenceTags`, `idloginInfo`, `value`) VALUES (25, 24, -3);

INSERT INTO `userpreftag`(`idpreferenceTags`, `idloginInfo`, `value`) VALUES (28, 24, 5);

INSERT INTO `userpreftag`(`idpreferenceTags`, `idloginInfo`, `value`) VALUES (37, 24, -4);

INSERT INTO `userpreftag`(`idpreferenceTags`, `idloginInfo`, `value`) VALUES (49, 24, -7);

INSERT INTO `userpreftag`(`idpreferenceTags`, `idloginInfo`, `value`) VALUES (76, 24, 1);

INSERT INTO `userpreftag`(`idpreferenceTags`, `idloginInfo`, `value`) VALUES (53, 24, -3);

INSERT INTO `userpreftag`(`idpreferenceTags`, `idloginInfo`, `value`) VALUES (54, 24, -4);

INSERT INTO `userpreftag`(`idpreferenceTags`, `idloginInfo`, `value`) VALUES (81, 24, -7);

INSERT INTO `userprofiletags`(`idloginInfo`, `idpreferenceTags`) VALUES (25, 47);

INSERT INTO `userprofiletags`(`idloginInfo`, `idpreferenceTags`) VALUES (25, 9);

INSERT INTO `userprofiletags`(`idloginInfo`, `idpreferenceTags`) VALUES (25, 11);

INSERT INTO `userprofiletags`(`idloginInfo`, `idpreferenceTags`) VALUES (25, 10);

INSERT INTO `userprofiletags`(`idloginInfo`, `idpreferenceTags`) VALUES (25, 7);

INSERT INTO `userpreftag`(`idpreferenceTags`, `idloginInfo`, `value`) VALUES (34, 25, 7);

INSERT INTO `userpreftag`(`idpreferenceTags`, `idloginInfo`, `value`) VALUES (26, 25, 4);

INSERT INTO `userpreftag`(`idpreferenceTags`, `idloginInfo`, `value`) VALUES (47, 25, -1);

INSERT INTO `userpreftag`(`idpreferenceTags`, `idloginInfo`, `value`) VALUES (30, 25, 7);

INSERT INTO `userpreftag`(`idpreferenceTags`, `idloginInfo`, `value`) VALUES (42, 25, 0);

INSERT INTO `userpreftag`(`idpreferenceTags`, `idloginInfo`, `value`) VALUES (62, 25, -4);

INSERT INTO `userpreftag`(`idpreferenceTags`, `idloginInfo`, `value`) VALUES (82, 25, 7);

INSERT INTO `userpreftag`(`idpreferenceTags`, `idloginInfo`, `value`) VALUES (57, 25, -5);

INSERT INTO `userpreftag`(`idpreferenceTags`, `idloginInfo`, `value`) VALUES (74, 25, 8);

INSERT INTO `userpreftag`(`idpreferenceTags`, `idloginInfo`, `value`) VALUES (69, 25, -8);

INSERT INTO `userprofiletags`(`idloginInfo`, `idpreferenceTags`) VALUES (26, 7);

INSERT INTO `userprofiletags`(`idloginInfo`, `idpreferenceTags`) VALUES (26, 45);

INSERT INTO `userprofiletags`(`idloginInfo`, `idpreferenceTags`) VALUES (26, 8);

INSERT INTO `userprofiletags`(`idloginInfo`, `idpreferenceTags`) VALUES (26, 9);

INSERT INTO `userprofiletags`(`idloginInfo`, `idpreferenceTags`) VALUES (26, 1);

INSERT INTO `userpreftag`(`idpreferenceTags`, `idloginInfo`, `value`) VALUES (34, 26, -2);

INSERT INTO `userpreftag`(`idpreferenceTags`, `idloginInfo`, `value`) VALUES (30, 26, 4);

INSERT INTO `userpreftag`(`idpreferenceTags`, `idloginInfo`, `value`) VALUES (38, 26, 9);

INSERT INTO `userpreftag`(`idpreferenceTags`, `idloginInfo`, `value`) VALUES (25, 26, -7);

INSERT INTO `userpreftag`(`idpreferenceTags`, `idloginInfo`, `value`) VALUES (36, 26, 8);

INSERT INTO `userpreftag`(`idpreferenceTags`, `idloginInfo`, `value`) VALUES (67, 26, 2);

INSERT INTO `userpreftag`(`idpreferenceTags`, `idloginInfo`, `value`) VALUES (72, 26, -6);

INSERT INTO `userpreftag`(`idpreferenceTags`, `idloginInfo`, `value`) VALUES (84, 26, 0);

INSERT INTO `userpreftag`(`idpreferenceTags`, `idloginInfo`, `value`) VALUES (82, 26, 4);

INSERT INTO `userpreftag`(`idpreferenceTags`, `idloginInfo`, `value`) VALUES (48, 26, 7);

INSERT INTO `userprofiletags`(`idloginInfo`, `idpreferenceTags`) VALUES (27, 19);

INSERT INTO `userprofiletags`(`idloginInfo`, `idpreferenceTags`) VALUES (27, 10);

INSERT INTO `userprofiletags`(`idloginInfo`, `idpreferenceTags`) VALUES (27, 11);

INSERT INTO `userprofiletags`(`idloginInfo`, `idpreferenceTags`) VALUES (27, 47);

INSERT INTO `userprofiletags`(`idloginInfo`, `idpreferenceTags`) VALUES (27, 41);

INSERT INTO `userpreftag`(`idpreferenceTags`, `idloginInfo`, `value`) VALUES (27, 27, 4);

INSERT INTO `userpreftag`(`idpreferenceTags`, `idloginInfo`, `value`) VALUES (25, 27, 2);

INSERT INTO `userpreftag`(`idpreferenceTags`, `idloginInfo`, `value`) VALUES (26, 27, -10);

INSERT INTO `userpreftag`(`idpreferenceTags`, `idloginInfo`, `value`) VALUES (29, 27, -2);

INSERT INTO `userpreftag`(`idpreferenceTags`, `idloginInfo`, `value`) VALUES (37, 27, 7);

INSERT INTO `userpreftag`(`idpreferenceTags`, `idloginInfo`, `value`) VALUES (68, 27, 0);

INSERT INTO `userpreftag`(`idpreferenceTags`, `idloginInfo`, `value`) VALUES (78, 27, 5);

INSERT INTO `userpreftag`(`idpreferenceTags`, `idloginInfo`, `value`) VALUES (54, 27, 3);

INSERT INTO `userpreftag`(`idpreferenceTags`, `idloginInfo`, `value`) VALUES (70, 27, -9);

INSERT INTO `userpreftag`(`idpreferenceTags`, `idloginInfo`, `value`) VALUES (66, 27, 1);

INSERT INTO `userprofiletags`(`idloginInfo`, `idpreferenceTags`) VALUES (28, 19);

INSERT INTO `userprofiletags`(`idloginInfo`, `idpreferenceTags`) VALUES (28, 41);

INSERT INTO `userprofiletags`(`idloginInfo`, `idpreferenceTags`) VALUES (28, 39);

INSERT INTO `userprofiletags`(`idloginInfo`, `idpreferenceTags`) VALUES (28, 2);

INSERT INTO `userprofiletags`(`idloginInfo`, `idpreferenceTags`) VALUES (28, 3);

INSERT INTO `userpreftag`(`idpreferenceTags`, `idloginInfo`, `value`) VALUES (40, 28, -8);

INSERT INTO `userpreftag`(`idpreferenceTags`, `idloginInfo`, `value`) VALUES (28, 28, -8);

INSERT INTO `userpreftag`(`idpreferenceTags`, `idloginInfo`, `value`) VALUES (45, 28, -3);

INSERT INTO `userpreftag`(`idpreferenceTags`, `idloginInfo`, `value`) VALUES (42, 28, 3);

INSERT INTO `userpreftag`(`idpreferenceTags`, `idloginInfo`, `value`) VALUES (32, 28, -6);

INSERT INTO `userpreftag`(`idpreferenceTags`, `idloginInfo`, `value`) VALUES (85, 28, 1);

INSERT INTO `userpreftag`(`idpreferenceTags`, `idloginInfo`, `value`) VALUES (86, 28, -10);

INSERT INTO `userpreftag`(`idpreferenceTags`, `idloginInfo`, `value`) VALUES (76, 28, 0);

INSERT INTO `userpreftag`(`idpreferenceTags`, `idloginInfo`, `value`) VALUES (84, 28, -9);

INSERT INTO `userpreftag`(`idpreferenceTags`, `idloginInfo`, `value`) VALUES (83, 28, 6);

INSERT INTO `userprofiletags`(`idloginInfo`, `idpreferenceTags`) VALUES (29, 28);

INSERT INTO `userprofiletags`(`idloginInfo`, `idpreferenceTags`) VALUES (29, 43);

INSERT INTO `userprofiletags`(`idloginInfo`, `idpreferenceTags`) VALUES (29, 36);

INSERT INTO `userprofiletags`(`idloginInfo`, `idpreferenceTags`) VALUES (29, 26);

INSERT INTO `userprofiletags`(`idloginInfo`, `idpreferenceTags`) VALUES (29, 34);

INSERT INTO `userpreftag`(`idpreferenceTags`, `idloginInfo`, `value`) VALUES (45, 29, 5);

INSERT INTO `userpreftag`(`idpreferenceTags`, `idloginInfo`, `value`) VALUES (19, 29, -10);

INSERT INTO `userpreftag`(`idpreferenceTags`, `idloginInfo`, `value`) VALUES (40, 29, 7);

INSERT INTO `userpreftag`(`idpreferenceTags`, `idloginInfo`, `value`) VALUES (47, 29, -4);

INSERT INTO `userpreftag`(`idpreferenceTags`, `idloginInfo`, `value`) VALUES (14, 29, 0);

INSERT INTO `userpreftag`(`idpreferenceTags`, `idloginInfo`, `value`) VALUES (52, 29, -4);

INSERT INTO `userpreftag`(`idpreferenceTags`, `idloginInfo`, `value`) VALUES (51, 29, 0);

INSERT INTO `userpreftag`(`idpreferenceTags`, `idloginInfo`, `value`) VALUES (81, 29, 7);

INSERT INTO `userpreftag`(`idpreferenceTags`, `idloginInfo`, `value`) VALUES (55, 29, -7);

INSERT INTO `userpreftag`(`idpreferenceTags`, `idloginInfo`, `value`) VALUES (71, 29, 5);

INSERT INTO `userprofiletags`(`idloginInfo`, `idpreferenceTags`) VALUES (30, 44);

INSERT INTO `userprofiletags`(`idloginInfo`, `idpreferenceTags`) VALUES (30, 45);

INSERT INTO `userprofiletags`(`idloginInfo`, `idpreferenceTags`) VALUES (30, 33);

INSERT INTO `userprofiletags`(`idloginInfo`, `idpreferenceTags`) VALUES (30, 47);

INSERT INTO `userprofiletags`(`idloginInfo`, `idpreferenceTags`) VALUES (30, 35);

INSERT INTO `userpreftag`(`idpreferenceTags`, `idloginInfo`, `value`) VALUES (45, 30, -1);

INSERT INTO `userpreftag`(`idpreferenceTags`, `idloginInfo`, `value`) VALUES (4, 30, 0);

INSERT INTO `userpreftag`(`idpreferenceTags`, `idloginInfo`, `value`) VALUES (10, 30, -8);

INSERT INTO `userpreftag`(`idpreferenceTags`, `idloginInfo`, `value`) VALUES (20, 30, 8);

INSERT INTO `userpreftag`(`idpreferenceTags`, `idloginInfo`, `value`) VALUES (47, 30, -3);

INSERT INTO `userpreftag`(`idpreferenceTags`, `idloginInfo`, `value`) VALUES (84, 30, 8);

INSERT INTO `userpreftag`(`idpreferenceTags`, `idloginInfo`, `value`) VALUES (50, 30, 9);

INSERT INTO `userpreftag`(`idpreferenceTags`, `idloginInfo`, `value`) VALUES (81, 30, -3);

INSERT INTO `userpreftag`(`idpreferenceTags`, `idloginInfo`, `value`) VALUES (75, 30, 4);

INSERT INTO `userpreftag`(`idpreferenceTags`, `idloginInfo`, `value`) VALUES (58, 30, -9);

INSERT INTO `userprofiletags`(`idloginInfo`, `idpreferenceTags`) VALUES (31, 6);

INSERT INTO `userprofiletags`(`idloginInfo`, `idpreferenceTags`) VALUES (31, 12);

INSERT INTO `userprofiletags`(`idloginInfo`, `idpreferenceTags`) VALUES (31, 20);

INSERT INTO `userprofiletags`(`idloginInfo`, `idpreferenceTags`) VALUES (31, 39);

INSERT INTO `userprofiletags`(`idloginInfo`, `idpreferenceTags`) VALUES (31, 8);

INSERT INTO `userpreftag`(`idpreferenceTags`, `idloginInfo`, `value`) VALUES (35, 31, 7);

INSERT INTO `userpreftag`(`idpreferenceTags`, `idloginInfo`, `value`) VALUES (30, 31, -3);

INSERT INTO `userpreftag`(`idpreferenceTags`, `idloginInfo`, `value`) VALUES (39, 31, 5);

INSERT INTO `userpreftag`(`idpreferenceTags`, `idloginInfo`, `value`) VALUES (38, 31, 5);

INSERT INTO `userpreftag`(`idpreferenceTags`, `idloginInfo`, `value`) VALUES (31, 31, 5);

INSERT INTO `userpreftag`(`idpreferenceTags`, `idloginInfo`, `value`) VALUES (60, 31, 2);

INSERT INTO `userpreftag`(`idpreferenceTags`, `idloginInfo`, `value`) VALUES (85, 31, 1);

INSERT INTO `userpreftag`(`idpreferenceTags`, `idloginInfo`, `value`) VALUES (56, 31, -2);

INSERT INTO `userpreftag`(`idpreferenceTags`, `idloginInfo`, `value`) VALUES (49, 31, -1);

INSERT INTO `userpreftag`(`idpreferenceTags`, `idloginInfo`, `value`) VALUES (48, 31, 8);

INSERT INTO `userprofiletags`(`idloginInfo`, `idpreferenceTags`) VALUES (32, 23);

INSERT INTO `userprofiletags`(`idloginInfo`, `idpreferenceTags`) VALUES (32, 1);

INSERT INTO `userprofiletags`(`idloginInfo`, `idpreferenceTags`) VALUES (32, 3);

INSERT INTO `userprofiletags`(`idloginInfo`, `idpreferenceTags`) VALUES (32, 41);

INSERT INTO `userprofiletags`(`idloginInfo`, `idpreferenceTags`) VALUES (32, 6);

INSERT INTO `userpreftag`(`idpreferenceTags`, `idloginInfo`, `value`) VALUES (28, 32, -10);

INSERT INTO `userpreftag`(`idpreferenceTags`, `idloginInfo`, `value`) VALUES (30, 32, -8);

INSERT INTO `userpreftag`(`idpreferenceTags`, `idloginInfo`, `value`) VALUES (31, 32, 2);

INSERT INTO `userpreftag`(`idpreferenceTags`, `idloginInfo`, `value`) VALUES (26, 32, 9);

INSERT INTO `userpreftag`(`idpreferenceTags`, `idloginInfo`, `value`) VALUES (46, 32, -10);

INSERT INTO `userpreftag`(`idpreferenceTags`, `idloginInfo`, `value`) VALUES (56, 32, 5);

INSERT INTO `userpreftag`(`idpreferenceTags`, `idloginInfo`, `value`) VALUES (61, 32, -6);

INSERT INTO `userpreftag`(`idpreferenceTags`, `idloginInfo`, `value`) VALUES (72, 32, 0);

INSERT INTO `userpreftag`(`idpreferenceTags`, `idloginInfo`, `value`) VALUES (53, 32, -3);

INSERT INTO `userpreftag`(`idpreferenceTags`, `idloginInfo`, `value`) VALUES (65, 32, -6);

INSERT INTO `userprofiletags`(`idloginInfo`, `idpreferenceTags`) VALUES (33, 12);

INSERT INTO `userprofiletags`(`idloginInfo`, `idpreferenceTags`) VALUES (33, 8);

INSERT INTO `userprofiletags`(`idloginInfo`, `idpreferenceTags`) VALUES (33, 19);

INSERT INTO `userprofiletags`(`idloginInfo`, `idpreferenceTags`) VALUES (33, 6);

INSERT INTO `userprofiletags`(`idloginInfo`, `idpreferenceTags`) VALUES (33, 1);

INSERT INTO `userpreftag`(`idpreferenceTags`, `idloginInfo`, `value`) VALUES (35, 33, -5);

INSERT INTO `userpreftag`(`idpreferenceTags`, `idloginInfo`, `value`) VALUES (46, 33, -4);

INSERT INTO `userpreftag`(`idpreferenceTags`, `idloginInfo`, `value`) VALUES (26, 33, 4);

INSERT INTO `userpreftag`(`idpreferenceTags`, `idloginInfo`, `value`) VALUES (38, 33, -6);

INSERT INTO `userpreftag`(`idpreferenceTags`, `idloginInfo`, `value`) VALUES (41, 33, 8);

INSERT INTO `userpreftag`(`idpreferenceTags`, `idloginInfo`, `value`) VALUES (61, 33, 3);

INSERT INTO `userpreftag`(`idpreferenceTags`, `idloginInfo`, `value`) VALUES (83, 33, -9);

INSERT INTO `userpreftag`(`idpreferenceTags`, `idloginInfo`, `value`) VALUES (81, 33, 4);

INSERT INTO `userpreftag`(`idpreferenceTags`, `idloginInfo`, `value`) VALUES (60, 33, 1);

INSERT INTO `userpreftag`(`idpreferenceTags`, `idloginInfo`, `value`) VALUES (56, 33, -9);

INSERT INTO `userprofiletags`(`idloginInfo`, `idpreferenceTags`) VALUES (34, 37);

INSERT INTO `userprofiletags`(`idloginInfo`, `idpreferenceTags`) VALUES (34, 39);

INSERT INTO `userprofiletags`(`idloginInfo`, `idpreferenceTags`) VALUES (34, 47);

INSERT INTO `userprofiletags`(`idloginInfo`, `idpreferenceTags`) VALUES (34, 31);

INSERT INTO `userprofiletags`(`idloginInfo`, `idpreferenceTags`) VALUES (34, 43);

INSERT INTO `userpreftag`(`idpreferenceTags`, `idloginInfo`, `value`) VALUES (23, 34, 8);

INSERT INTO `userpreftag`(`idpreferenceTags`, `idloginInfo`, `value`) VALUES (9, 34, -3);

INSERT INTO `userpreftag`(`idpreferenceTags`, `idloginInfo`, `value`) VALUES (14, 34, -3);

INSERT INTO `userpreftag`(`idpreferenceTags`, `idloginInfo`, `value`) VALUES (39, 34, 5);

INSERT INTO `userpreftag`(`idpreferenceTags`, `idloginInfo`, `value`) VALUES (10, 34, -3);

INSERT INTO `userpreftag`(`idpreferenceTags`, `idloginInfo`, `value`) VALUES (57, 34, -8);

INSERT INTO `userpreftag`(`idpreferenceTags`, `idloginInfo`, `value`) VALUES (69, 34, -9);

INSERT INTO `userpreftag`(`idpreferenceTags`, `idloginInfo`, `value`) VALUES (67, 34, 5);

INSERT INTO `userpreftag`(`idpreferenceTags`, `idloginInfo`, `value`) VALUES (56, 34, -10);

INSERT INTO `userpreftag`(`idpreferenceTags`, `idloginInfo`, `value`) VALUES (52, 34, -10);

INSERT INTO `userprofiletags`(`idloginInfo`, `idpreferenceTags`) VALUES (35, 47);

INSERT INTO `userprofiletags`(`idloginInfo`, `idpreferenceTags`) VALUES (35, 29);

INSERT INTO `userprofiletags`(`idloginInfo`, `idpreferenceTags`) VALUES (35, 28);

INSERT INTO `userprofiletags`(`idloginInfo`, `idpreferenceTags`) VALUES (35, 45);

INSERT INTO `userprofiletags`(`idloginInfo`, `idpreferenceTags`) VALUES (35, 44);

INSERT INTO `userpreftag`(`idpreferenceTags`, `idloginInfo`, `value`) VALUES (10, 35, -3);

INSERT INTO `userpreftag`(`idpreferenceTags`, `idloginInfo`, `value`) VALUES (13, 35, 1);

INSERT INTO `userpreftag`(`idpreferenceTags`, `idloginInfo`, `value`) VALUES (4, 35, -3);

INSERT INTO `userpreftag`(`idpreferenceTags`, `idloginInfo`, `value`) VALUES (6, 35, -1);

INSERT INTO `userpreftag`(`idpreferenceTags`, `idloginInfo`, `value`) VALUES (11, 35, -7);

INSERT INTO `userpreftag`(`idpreferenceTags`, `idloginInfo`, `value`) VALUES (85, 35, -2);

INSERT INTO `userpreftag`(`idpreferenceTags`, `idloginInfo`, `value`) VALUES (60, 35, -1);

INSERT INTO `userpreftag`(`idpreferenceTags`, `idloginInfo`, `value`) VALUES (66, 35, 9);

INSERT INTO `userpreftag`(`idpreferenceTags`, `idloginInfo`, `value`) VALUES (50, 35, -7);

INSERT INTO `userpreftag`(`idpreferenceTags`, `idloginInfo`, `value`) VALUES (51, 35, 0);

INSERT INTO `userprofiletags`(`idloginInfo`, `idpreferenceTags`) VALUES (36, 31);

INSERT INTO `userprofiletags`(`idloginInfo`, `idpreferenceTags`) VALUES (36, 40);

INSERT INTO `userprofiletags`(`idloginInfo`, `idpreferenceTags`) VALUES (36, 26);

INSERT INTO `userprofiletags`(`idloginInfo`, `idpreferenceTags`) VALUES (36, 41);

INSERT INTO `userprofiletags`(`idloginInfo`, `idpreferenceTags`) VALUES (36, 32);

INSERT INTO `userpreftag`(`idpreferenceTags`, `idloginInfo`, `value`) VALUES (5, 36, 4);

INSERT INTO `userpreftag`(`idpreferenceTags`, `idloginInfo`, `value`) VALUES (6, 36, 9);

INSERT INTO `userpreftag`(`idpreferenceTags`, `idloginInfo`, `value`) VALUES (2, 36, 3);

INSERT INTO `userpreftag`(`idpreferenceTags`, `idloginInfo`, `value`) VALUES (19, 36, -7);

INSERT INTO `userpreftag`(`idpreferenceTags`, `idloginInfo`, `value`) VALUES (41, 36, -9);

INSERT INTO `userpreftag`(`idpreferenceTags`, `idloginInfo`, `value`) VALUES (66, 36, -2);

INSERT INTO `userpreftag`(`idpreferenceTags`, `idloginInfo`, `value`) VALUES (52, 36, -6);

INSERT INTO `userpreftag`(`idpreferenceTags`, `idloginInfo`, `value`) VALUES (60, 36, -9);

INSERT INTO `userpreftag`(`idpreferenceTags`, `idloginInfo`, `value`) VALUES (58, 36, 5);

INSERT INTO `userpreftag`(`idpreferenceTags`, `idloginInfo`, `value`) VALUES (79, 36, -4);

INSERT INTO `userprofiletags`(`idloginInfo`, `idpreferenceTags`) VALUES (37, 42);

INSERT INTO `userprofiletags`(`idloginInfo`, `idpreferenceTags`) VALUES (37, 23);

INSERT INTO `userprofiletags`(`idloginInfo`, `idpreferenceTags`) VALUES (37, 10);

INSERT INTO `userprofiletags`(`idloginInfo`, `idpreferenceTags`) VALUES (37, 45);

INSERT INTO `userprofiletags`(`idloginInfo`, `idpreferenceTags`) VALUES (37, 41);

INSERT INTO `userpreftag`(`idpreferenceTags`, `idloginInfo`, `value`) VALUES (45, 37, -9);

INSERT INTO `userpreftag`(`idpreferenceTags`, `idloginInfo`, `value`) VALUES (26, 37, 4);

INSERT INTO `userpreftag`(`idpreferenceTags`, `idloginInfo`, `value`) VALUES (35, 37, 5);

INSERT INTO `userpreftag`(`idpreferenceTags`, `idloginInfo`, `value`) VALUES (43, 37, -10);

INSERT INTO `userpreftag`(`idpreferenceTags`, `idloginInfo`, `value`) VALUES (40, 37, 8);

INSERT INTO `userpreftag`(`idpreferenceTags`, `idloginInfo`, `value`) VALUES (64, 37, 5);

INSERT INTO `userpreftag`(`idpreferenceTags`, `idloginInfo`, `value`) VALUES (58, 37, -10);

INSERT INTO `userpreftag`(`idpreferenceTags`, `idloginInfo`, `value`) VALUES (72, 37, 6);

INSERT INTO `userpreftag`(`idpreferenceTags`, `idloginInfo`, `value`) VALUES (70, 37, -6);

INSERT INTO `userpreftag`(`idpreferenceTags`, `idloginInfo`, `value`) VALUES (59, 37, 6);

INSERT INTO `userprofiletags`(`idloginInfo`, `idpreferenceTags`) VALUES (38, 47);

INSERT INTO `userprofiletags`(`idloginInfo`, `idpreferenceTags`) VALUES (38, 1);

INSERT INTO `userprofiletags`(`idloginInfo`, `idpreferenceTags`) VALUES (38, 40);

INSERT INTO `userprofiletags`(`idloginInfo`, `idpreferenceTags`) VALUES (38, 14);

INSERT INTO `userprofiletags`(`idloginInfo`, `idpreferenceTags`) VALUES (38, 39);

INSERT INTO `userpreftag`(`idpreferenceTags`, `idloginInfo`, `value`) VALUES (30, 38, 6);

INSERT INTO `userpreftag`(`idpreferenceTags`, `idloginInfo`, `value`) VALUES (46, 38, 7);

INSERT INTO `userpreftag`(`idpreferenceTags`, `idloginInfo`, `value`) VALUES (34, 38, 0);

INSERT INTO `userpreftag`(`idpreferenceTags`, `idloginInfo`, `value`) VALUES (32, 38, -2);

INSERT INTO `userpreftag`(`idpreferenceTags`, `idloginInfo`, `value`) VALUES (25, 38, -5);

INSERT INTO `userpreftag`(`idpreferenceTags`, `idloginInfo`, `value`) VALUES (54, 38, 5);

INSERT INTO `userpreftag`(`idpreferenceTags`, `idloginInfo`, `value`) VALUES (61, 38, 2);

INSERT INTO `userpreftag`(`idpreferenceTags`, `idloginInfo`, `value`) VALUES (85, 38, -6);

INSERT INTO `userpreftag`(`idpreferenceTags`, `idloginInfo`, `value`) VALUES (70, 38, -10);

INSERT INTO `userpreftag`(`idpreferenceTags`, `idloginInfo`, `value`) VALUES (79, 38, -5);

INSERT INTO `userprofiletags`(`idloginInfo`, `idpreferenceTags`) VALUES (39, 45);

INSERT INTO `userprofiletags`(`idloginInfo`, `idpreferenceTags`) VALUES (39, 33);

INSERT INTO `userprofiletags`(`idloginInfo`, `idpreferenceTags`) VALUES (39, 44);

INSERT INTO `userprofiletags`(`idloginInfo`, `idpreferenceTags`) VALUES (39, 30);

INSERT INTO `userprofiletags`(`idloginInfo`, `idpreferenceTags`) VALUES (39, 42);

INSERT INTO `userpreftag`(`idpreferenceTags`, `idloginInfo`, `value`) VALUES (10, 39, -2);

INSERT INTO `userpreftag`(`idpreferenceTags`, `idloginInfo`, `value`) VALUES (41, 39, 1);

INSERT INTO `userpreftag`(`idpreferenceTags`, `idloginInfo`, `value`) VALUES (22, 39, 1);

INSERT INTO `userpreftag`(`idpreferenceTags`, `idloginInfo`, `value`) VALUES (23, 39, -10);

INSERT INTO `userpreftag`(`idpreferenceTags`, `idloginInfo`, `value`) VALUES (20, 39, -7);

INSERT INTO `userpreftag`(`idpreferenceTags`, `idloginInfo`, `value`) VALUES (66, 39, 9);

INSERT INTO `userpreftag`(`idpreferenceTags`, `idloginInfo`, `value`) VALUES (58, 39, 0);

INSERT INTO `userpreftag`(`idpreferenceTags`, `idloginInfo`, `value`) VALUES (82, 39, 3);

INSERT INTO `userpreftag`(`idpreferenceTags`, `idloginInfo`, `value`) VALUES (81, 39, 3);

INSERT INTO `userpreftag`(`idpreferenceTags`, `idloginInfo`, `value`) VALUES (68, 39, -5);

INSERT INTO `userprofiletags`(`idloginInfo`, `idpreferenceTags`) VALUES (40, 11);

INSERT INTO `userprofiletags`(`idloginInfo`, `idpreferenceTags`) VALUES (40, 5);

INSERT INTO `userprofiletags`(`idloginInfo`, `idpreferenceTags`) VALUES (40, 41);

INSERT INTO `userprofiletags`(`idloginInfo`, `idpreferenceTags`) VALUES (40, 42);

INSERT INTO `userprofiletags`(`idloginInfo`, `idpreferenceTags`) VALUES (40, 39);

INSERT INTO `userpreftag`(`idpreferenceTags`, `idloginInfo`, `value`) VALUES (38, 40, -9);

INSERT INTO `userpreftag`(`idpreferenceTags`, `idloginInfo`, `value`) VALUES (31, 40, -5);

INSERT INTO `userpreftag`(`idpreferenceTags`, `idloginInfo`, `value`) VALUES (45, 40, -5);

INSERT INTO `userpreftag`(`idpreferenceTags`, `idloginInfo`, `value`) VALUES (30, 40, 9);

INSERT INTO `userpreftag`(`idpreferenceTags`, `idloginInfo`, `value`) VALUES (36, 40, -5);

INSERT INTO `userpreftag`(`idpreferenceTags`, `idloginInfo`, `value`) VALUES (57, 40, -9);

INSERT INTO `userpreftag`(`idpreferenceTags`, `idloginInfo`, `value`) VALUES (81, 40, -6);

INSERT INTO `userpreftag`(`idpreferenceTags`, `idloginInfo`, `value`) VALUES (73, 40, 5);

INSERT INTO `userpreftag`(`idpreferenceTags`, `idloginInfo`, `value`) VALUES (68, 40, -3);

INSERT INTO `userpreftag`(`idpreferenceTags`, `idloginInfo`, `value`) VALUES (58, 40, -3);

INSERT INTO `userprofiletags`(`idloginInfo`, `idpreferenceTags`) VALUES (41, 8);

INSERT INTO `userprofiletags`(`idloginInfo`, `idpreferenceTags`) VALUES (41, 41);

INSERT INTO `userprofiletags`(`idloginInfo`, `idpreferenceTags`) VALUES (41, 3);

INSERT INTO `userprofiletags`(`idloginInfo`, `idpreferenceTags`) VALUES (41, 42);

INSERT INTO `userprofiletags`(`idloginInfo`, `idpreferenceTags`) VALUES (41, 14);

INSERT INTO `userpreftag`(`idpreferenceTags`, `idloginInfo`, `value`) VALUES (47, 41, 6);

INSERT INTO `userpreftag`(`idpreferenceTags`, `idloginInfo`, `value`) VALUES (38, 41, -4);

INSERT INTO `userpreftag`(`idpreferenceTags`, `idloginInfo`, `value`) VALUES (34, 41, 5);

INSERT INTO `userpreftag`(`idpreferenceTags`, `idloginInfo`, `value`) VALUES (36, 41, -9);

INSERT INTO `userpreftag`(`idpreferenceTags`, `idloginInfo`, `value`) VALUES (31, 41, -8);

INSERT INTO `userpreftag`(`idpreferenceTags`, `idloginInfo`, `value`) VALUES (62, 41, -5);

INSERT INTO `userpreftag`(`idpreferenceTags`, `idloginInfo`, `value`) VALUES (74, 41, 7);

INSERT INTO `userpreftag`(`idpreferenceTags`, `idloginInfo`, `value`) VALUES (86, 41, -2);

INSERT INTO `userpreftag`(`idpreferenceTags`, `idloginInfo`, `value`) VALUES (82, 41, -7);

INSERT INTO `userpreftag`(`idpreferenceTags`, `idloginInfo`, `value`) VALUES (81, 41, -3);

INSERT INTO `userprofiletags`(`idloginInfo`, `idpreferenceTags`) VALUES (42, 33);

INSERT INTO `userprofiletags`(`idloginInfo`, `idpreferenceTags`) VALUES (42, 40);

INSERT INTO `userprofiletags`(`idloginInfo`, `idpreferenceTags`) VALUES (42, 45);

INSERT INTO `userprofiletags`(`idloginInfo`, `idpreferenceTags`) VALUES (42, 35);

INSERT INTO `userprofiletags`(`idloginInfo`, `idpreferenceTags`) VALUES (42, 27);

INSERT INTO `userpreftag`(`idpreferenceTags`, `idloginInfo`, `value`) VALUES (41, 42, -3);

INSERT INTO `userpreftag`(`idpreferenceTags`, `idloginInfo`, `value`) VALUES (47, 42, -10);

INSERT INTO `userpreftag`(`idpreferenceTags`, `idloginInfo`, `value`) VALUES (3, 42, -4);

INSERT INTO `userpreftag`(`idpreferenceTags`, `idloginInfo`, `value`) VALUES (10, 42, -4);

INSERT INTO `userpreftag`(`idpreferenceTags`, `idloginInfo`, `value`) VALUES (20, 42, 7);

INSERT INTO `userpreftag`(`idpreferenceTags`, `idloginInfo`, `value`) VALUES (74, 42, 0);

INSERT INTO `userpreftag`(`idpreferenceTags`, `idloginInfo`, `value`) VALUES (48, 42, -8);

INSERT INTO `userpreftag`(`idpreferenceTags`, `idloginInfo`, `value`) VALUES (59, 42, -9);

INSERT INTO `userpreftag`(`idpreferenceTags`, `idloginInfo`, `value`) VALUES (55, 42, -2);

INSERT INTO `userpreftag`(`idpreferenceTags`, `idloginInfo`, `value`) VALUES (85, 42, -5);

INSERT INTO `userprofiletags`(`idloginInfo`, `idpreferenceTags`) VALUES (43, 13);

INSERT INTO `userprofiletags`(`idloginInfo`, `idpreferenceTags`) VALUES (43, 14);

INSERT INTO `userprofiletags`(`idloginInfo`, `idpreferenceTags`) VALUES (43, 41);

INSERT INTO `userprofiletags`(`idloginInfo`, `idpreferenceTags`) VALUES (43, 9);

INSERT INTO `userprofiletags`(`idloginInfo`, `idpreferenceTags`) VALUES (43, 40);

INSERT INTO `userpreftag`(`idpreferenceTags`, `idloginInfo`, `value`) VALUES (30, 43, -8);

INSERT INTO `userpreftag`(`idpreferenceTags`, `idloginInfo`, `value`) VALUES (35, 43, -1);

INSERT INTO `userpreftag`(`idpreferenceTags`, `idloginInfo`, `value`) VALUES (29, 43, 2);

INSERT INTO `userpreftag`(`idpreferenceTags`, `idloginInfo`, `value`) VALUES (43, 43, 7);

INSERT INTO `userpreftag`(`idpreferenceTags`, `idloginInfo`, `value`) VALUES (27, 43, -6);

INSERT INTO `userpreftag`(`idpreferenceTags`, `idloginInfo`, `value`) VALUES (83, 43, -1);

INSERT INTO `userpreftag`(`idpreferenceTags`, `idloginInfo`, `value`) VALUES (69, 43, -7);

INSERT INTO `userpreftag`(`idpreferenceTags`, `idloginInfo`, `value`) VALUES (52, 43, -7);

INSERT INTO `userpreftag`(`idpreferenceTags`, `idloginInfo`, `value`) VALUES (59, 43, 5);

INSERT INTO `userpreftag`(`idpreferenceTags`, `idloginInfo`, `value`) VALUES (65, 43, -6);

INSERT INTO `userprofiletags`(`idloginInfo`, `idpreferenceTags`) VALUES (44, 32);

INSERT INTO `userprofiletags`(`idloginInfo`, `idpreferenceTags`) VALUES (44, 27);

INSERT INTO `userprofiletags`(`idloginInfo`, `idpreferenceTags`) VALUES (44, 25);

INSERT INTO `userprofiletags`(`idloginInfo`, `idpreferenceTags`) VALUES (44, 28);

INSERT INTO `userprofiletags`(`idloginInfo`, `idpreferenceTags`) VALUES (44, 42);

INSERT INTO `userpreftag`(`idpreferenceTags`, `idloginInfo`, `value`) VALUES (22, 44, -4);

INSERT INTO `userpreftag`(`idpreferenceTags`, `idloginInfo`, `value`) VALUES (45, 44, 2);

INSERT INTO `userpreftag`(`idpreferenceTags`, `idloginInfo`, `value`) VALUES (8, 44, -4);

INSERT INTO `userpreftag`(`idpreferenceTags`, `idloginInfo`, `value`) VALUES (23, 44, 9);

INSERT INTO `userpreftag`(`idpreferenceTags`, `idloginInfo`, `value`) VALUES (11, 44, 8);

INSERT INTO `userpreftag`(`idpreferenceTags`, `idloginInfo`, `value`) VALUES (84, 44, -5);

INSERT INTO `userpreftag`(`idpreferenceTags`, `idloginInfo`, `value`) VALUES (82, 44, -1);

INSERT INTO `userpreftag`(`idpreferenceTags`, `idloginInfo`, `value`) VALUES (80, 44, 8);

INSERT INTO `userpreftag`(`idpreferenceTags`, `idloginInfo`, `value`) VALUES (73, 44, 9);

INSERT INTO `userpreftag`(`idpreferenceTags`, `idloginInfo`, `value`) VALUES (81, 44, 7);

INSERT INTO `userprofiletags`(`idloginInfo`, `idpreferenceTags`) VALUES (45, 41);

INSERT INTO `userprofiletags`(`idloginInfo`, `idpreferenceTags`) VALUES (45, 42);

INSERT INTO `userprofiletags`(`idloginInfo`, `idpreferenceTags`) VALUES (45, 10);

INSERT INTO `userprofiletags`(`idloginInfo`, `idpreferenceTags`) VALUES (45, 3);

INSERT INTO `userprofiletags`(`idloginInfo`, `idpreferenceTags`) VALUES (45, 7);

INSERT INTO `userpreftag`(`idpreferenceTags`, `idloginInfo`, `value`) VALUES (37, 45, 9);

INSERT INTO `userpreftag`(`idpreferenceTags`, `idloginInfo`, `value`) VALUES (33, 45, -8);

INSERT INTO `userpreftag`(`idpreferenceTags`, `idloginInfo`, `value`) VALUES (46, 45, 8);

INSERT INTO `userpreftag`(`idpreferenceTags`, `idloginInfo`, `value`) VALUES (41, 45, -9);

INSERT INTO `userpreftag`(`idpreferenceTags`, `idloginInfo`, `value`) VALUES (35, 45, -5);

INSERT INTO `userpreftag`(`idpreferenceTags`, `idloginInfo`, `value`) VALUES (48, 45, 5);

INSERT INTO `userpreftag`(`idpreferenceTags`, `idloginInfo`, `value`) VALUES (60, 45, 7);

INSERT INTO `userpreftag`(`idpreferenceTags`, `idloginInfo`, `value`) VALUES (49, 45, -5);

INSERT INTO `userpreftag`(`idpreferenceTags`, `idloginInfo`, `value`) VALUES (73, 45, 1);

INSERT INTO `userpreftag`(`idpreferenceTags`, `idloginInfo`, `value`) VALUES (62, 45, 7);

INSERT INTO `userprofiletags`(`idloginInfo`, `idpreferenceTags`) VALUES (46, 4);

INSERT INTO `userprofiletags`(`idloginInfo`, `idpreferenceTags`) VALUES (46, 41);

INSERT INTO `userprofiletags`(`idloginInfo`, `idpreferenceTags`) VALUES (46, 23);

INSERT INTO `userprofiletags`(`idloginInfo`, `idpreferenceTags`) VALUES (46, 9);

INSERT INTO `userprofiletags`(`idloginInfo`, `idpreferenceTags`) VALUES (46, 6);

INSERT INTO `userpreftag`(`idpreferenceTags`, `idloginInfo`, `value`) VALUES (34, 46, 2);

INSERT INTO `userpreftag`(`idpreferenceTags`, `idloginInfo`, `value`) VALUES (39, 46, 8);

INSERT INTO `userpreftag`(`idpreferenceTags`, `idloginInfo`, `value`) VALUES (26, 46, -5);

INSERT INTO `userpreftag`(`idpreferenceTags`, `idloginInfo`, `value`) VALUES (44, 46, -6);

INSERT INTO `userpreftag`(`idpreferenceTags`, `idloginInfo`, `value`) VALUES (35, 46, 5);

INSERT INTO `userpreftag`(`idpreferenceTags`, `idloginInfo`, `value`) VALUES (78, 46, 7);

INSERT INTO `userpreftag`(`idpreferenceTags`, `idloginInfo`, `value`) VALUES (57, 46, -9);

INSERT INTO `userpreftag`(`idpreferenceTags`, `idloginInfo`, `value`) VALUES (77, 46, 0);

INSERT INTO `userpreftag`(`idpreferenceTags`, `idloginInfo`, `value`) VALUES (51, 46, 3);

INSERT INTO `userpreftag`(`idpreferenceTags`, `idloginInfo`, `value`) VALUES (50, 46, 9);

INSERT INTO `userprofiletags`(`idloginInfo`, `idpreferenceTags`) VALUES (47, 23);

INSERT INTO `userprofiletags`(`idloginInfo`, `idpreferenceTags`) VALUES (47, 22);

INSERT INTO `userprofiletags`(`idloginInfo`, `idpreferenceTags`) VALUES (47, 19);

INSERT INTO `userprofiletags`(`idloginInfo`, `idpreferenceTags`) VALUES (47, 1);

INSERT INTO `userprofiletags`(`idloginInfo`, `idpreferenceTags`) VALUES (47, 13);

INSERT INTO `userpreftag`(`idpreferenceTags`, `idloginInfo`, `value`) VALUES (28, 47, 5);

INSERT INTO `userpreftag`(`idpreferenceTags`, `idloginInfo`, `value`) VALUES (30, 47, -10);

INSERT INTO `userpreftag`(`idpreferenceTags`, `idloginInfo`, `value`) VALUES (35, 47, -1);

INSERT INTO `userpreftag`(`idpreferenceTags`, `idloginInfo`, `value`) VALUES (33, 47, 3);

INSERT INTO `userpreftag`(`idpreferenceTags`, `idloginInfo`, `value`) VALUES (42, 47, 6);

INSERT INTO `userpreftag`(`idpreferenceTags`, `idloginInfo`, `value`) VALUES (64, 47, -5);

INSERT INTO `userpreftag`(`idpreferenceTags`, `idloginInfo`, `value`) VALUES (65, 47, 1);

INSERT INTO `userpreftag`(`idpreferenceTags`, `idloginInfo`, `value`) VALUES (71, 47, -4);

INSERT INTO `userpreftag`(`idpreferenceTags`, `idloginInfo`, `value`) VALUES (50, 47, -5);

INSERT INTO `userpreftag`(`idpreferenceTags`, `idloginInfo`, `value`) VALUES (75, 47, -3);

INSERT INTO `userprofiletags`(`idloginInfo`, `idpreferenceTags`) VALUES (48, 37);

INSERT INTO `userprofiletags`(`idloginInfo`, `idpreferenceTags`) VALUES (48, 33);

INSERT INTO `userprofiletags`(`idloginInfo`, `idpreferenceTags`) VALUES (48, 47);

INSERT INTO `userprofiletags`(`idloginInfo`, `idpreferenceTags`) VALUES (48, 45);

INSERT INTO `userprofiletags`(`idloginInfo`, `idpreferenceTags`) VALUES (48, 36);

INSERT INTO `userpreftag`(`idpreferenceTags`, `idloginInfo`, `value`) VALUES (4, 48, 9);

INSERT INTO `userpreftag`(`idpreferenceTags`, `idloginInfo`, `value`) VALUES (45, 48, 6);

INSERT INTO `userpreftag`(`idpreferenceTags`, `idloginInfo`, `value`) VALUES (6, 48, 1);

INSERT INTO `userpreftag`(`idpreferenceTags`, `idloginInfo`, `value`) VALUES (7, 48, 5);

INSERT INTO `userpreftag`(`idpreferenceTags`, `idloginInfo`, `value`) VALUES (1, 48, -5);

INSERT INTO `userpreftag`(`idpreferenceTags`, `idloginInfo`, `value`) VALUES (57, 48, -4);

INSERT INTO `userpreftag`(`idpreferenceTags`, `idloginInfo`, `value`) VALUES (82, 48, -4);

INSERT INTO `userpreftag`(`idpreferenceTags`, `idloginInfo`, `value`) VALUES (66, 48, -7);

INSERT INTO `userpreftag`(`idpreferenceTags`, `idloginInfo`, `value`) VALUES (60, 48, 6);

INSERT INTO `userpreftag`(`idpreferenceTags`, `idloginInfo`, `value`) VALUES (67, 48, 2);

INSERT INTO `userprofiletags`(`idloginInfo`, `idpreferenceTags`) VALUES (49, 35);

INSERT INTO `userprofiletags`(`idloginInfo`, `idpreferenceTags`) VALUES (49, 44);

INSERT INTO `userprofiletags`(`idloginInfo`, `idpreferenceTags`) VALUES (49, 27);

INSERT INTO `userprofiletags`(`idloginInfo`, `idpreferenceTags`) VALUES (49, 38);

INSERT INTO `userprofiletags`(`idloginInfo`, `idpreferenceTags`) VALUES (49, 47);

INSERT INTO `userpreftag`(`idpreferenceTags`, `idloginInfo`, `value`) VALUES (11, 49, 6);

INSERT INTO `userpreftag`(`idpreferenceTags`, `idloginInfo`, `value`) VALUES (22, 49, -6);

INSERT INTO `userpreftag`(`idpreferenceTags`, `idloginInfo`, `value`) VALUES (42, 49, 9);

INSERT INTO `userpreftag`(`idpreferenceTags`, `idloginInfo`, `value`) VALUES (39, 49, -5);

INSERT INTO `userpreftag`(`idpreferenceTags`, `idloginInfo`, `value`) VALUES (12, 49, 5);

INSERT INTO `userpreftag`(`idpreferenceTags`, `idloginInfo`, `value`) VALUES (52, 49, 9);

INSERT INTO `userpreftag`(`idpreferenceTags`, `idloginInfo`, `value`) VALUES (55, 49, -8);

INSERT INTO `userpreftag`(`idpreferenceTags`, `idloginInfo`, `value`) VALUES (78, 49, 1);

INSERT INTO `userpreftag`(`idpreferenceTags`, `idloginInfo`, `value`) VALUES (56, 49, -2);

INSERT INTO `userpreftag`(`idpreferenceTags`, `idloginInfo`, `value`) VALUES (83, 49, 6);

INSERT INTO `userprofiletags`(`idloginInfo`, `idpreferenceTags`) VALUES (50, 14);

INSERT INTO `userprofiletags`(`idloginInfo`, `idpreferenceTags`) VALUES (50, 40);

INSERT INTO `userprofiletags`(`idloginInfo`, `idpreferenceTags`) VALUES (50, 10);

INSERT INTO `userprofiletags`(`idloginInfo`, `idpreferenceTags`) VALUES (50, 9);

INSERT INTO `userprofiletags`(`idloginInfo`, `idpreferenceTags`) VALUES (50, 47);

INSERT INTO `userpreftag`(`idpreferenceTags`, `idloginInfo`, `value`) VALUES (40, 50, 3);

INSERT INTO `userpreftag`(`idpreferenceTags`, `idloginInfo`, `value`) VALUES (34, 50, 4);

INSERT INTO `userpreftag`(`idpreferenceTags`, `idloginInfo`, `value`) VALUES (46, 50, 7);

INSERT INTO `userpreftag`(`idpreferenceTags`, `idloginInfo`, `value`) VALUES (27, 50, -4);

INSERT INTO `userpreftag`(`idpreferenceTags`, `idloginInfo`, `value`) VALUES (41, 50, -6);

INSERT INTO `userpreftag`(`idpreferenceTags`, `idloginInfo`, `value`) VALUES (56, 50, 2);

INSERT INTO `userpreftag`(`idpreferenceTags`, `idloginInfo`, `value`) VALUES (60, 50, -6);

INSERT INTO `userpreftag`(`idpreferenceTags`, `idloginInfo`, `value`) VALUES (52, 50, -5);

INSERT INTO `userpreftag`(`idpreferenceTags`, `idloginInfo`, `value`) VALUES (76, 50, -9);

INSERT INTO `userpreftag`(`idpreferenceTags`, `idloginInfo`, `value`) VALUES (48, 50, -1);

